semestre,Catalunya,sexe,edat,concepte,estat,valor
S1/1981,Catalunya,homes,de 0 a 15 anys,població,,814824
S1/1981,Catalunya,homes,de 16 a 64 anys,població,,1839953
S1/1981,Catalunya,homes,65 anys o més,població,,261750
S1/1981,Catalunya,homes,total,població,,2916527
S1/1981,Catalunya,dones,de 0 a 15 anys,població,,769115
S1/1981,Catalunya,dones,de 16 a 64 anys,població,,1872802
S1/1981,Catalunya,dones,65 anys o més,població,,391385
S1/1981,Catalunya,dones,total,població,,3033302
S1/1981,Catalunya,total,de 0 a 15 anys,població,,1583939
S1/1981,Catalunya,total,de 16 a 64 anys,població,,3712755
S1/1981,Catalunya,total,65 anys o més,població,,653135
S1/1981,Catalunya,total,total,població,,5949829
S2/1981,Catalunya,homes,de 0 a 15 anys,població,,807467
S2/1981,Catalunya,homes,de 16 a 64 anys,població,,1848010
S2/1981,Catalunya,homes,65 anys o més,població,,264399
S2/1981,Catalunya,homes,total,població,,2919876
S2/1981,Catalunya,dones,de 0 a 15 anys,població,,761580
S2/1981,Catalunya,dones,de 16 a 64 anys,població,,1879174
S2/1981,Catalunya,dones,65 anys o més,població,,395644
S2/1981,Catalunya,dones,total,població,,3036398
S2/1981,Catalunya,total,de 0 a 15 anys,població,,1569047
S2/1981,Catalunya,total,de 16 a 64 anys,població,,3727184
S2/1981,Catalunya,total,65 anys o més,població,,660043
S2/1981,Catalunya,total,total,població,,5956274
S1/1982,Catalunya,homes,de 0 a 15 anys,població,,800111
S1/1982,Catalunya,homes,de 16 a 64 anys,població,,1856067
S1/1982,Catalunya,homes,65 anys o més,població,,267080
S1/1982,Catalunya,homes,total,població,,2923258
S1/1982,Catalunya,dones,de 0 a 15 anys,població,,754043
S1/1982,Catalunya,dones,de 16 a 64 anys,població,,1885504
S1/1982,Catalunya,dones,65 anys o més,població,,399918
S1/1982,Catalunya,dones,total,població,,3039465
S1/1982,Catalunya,total,de 0 a 15 anys,població,,1554154
S1/1982,Catalunya,total,de 16 a 64 anys,població,,3741571
S1/1982,Catalunya,total,65 anys o més,població,,666998
S1/1982,Catalunya,total,total,població,,5962723
S2/1982,Catalunya,homes,de 0 a 15 anys,població,,792143
S2/1982,Catalunya,homes,de 16 a 64 anys,població,,1864095
S2/1982,Catalunya,homes,65 anys o més,població,,269765
S2/1982,Catalunya,homes,total,població,,2926003
S2/1982,Catalunya,dones,de 0 a 15 anys,població,,746383
S2/1982,Catalunya,dones,de 16 a 64 anys,població,,1892085
S2/1982,Catalunya,dones,65 anys o més,població,,404304
S2/1982,Catalunya,dones,total,població,,3042772
S2/1982,Catalunya,total,de 0 a 15 anys,població,,1538526
S2/1982,Catalunya,total,de 16 a 64 anys,població,,3756180
S2/1982,Catalunya,total,65 anys o més,població,,674069
S2/1982,Catalunya,total,total,població,,5968775
S1/1983,Catalunya,homes,de 0 a 15 anys,població,,784198
S1/1983,Catalunya,homes,de 16 a 64 anys,població,,1872090
S1/1983,Catalunya,homes,65 anys o més,població,,272460
S1/1983,Catalunya,homes,total,població,,2928748
S1/1983,Catalunya,dones,de 0 a 15 anys,població,,738738
S1/1983,Catalunya,dones,de 16 a 64 anys,població,,1898662
S1/1983,Catalunya,dones,65 anys o més,població,,408673
S1/1983,Catalunya,dones,total,població,,3046073
S1/1983,Catalunya,total,de 0 a 15 anys,població,,1522936
S1/1983,Catalunya,total,de 16 a 64 anys,població,,3770752
S1/1983,Catalunya,total,65 anys o més,població,,681133
S1/1983,Catalunya,total,total,població,,5974821
S2/1983,Catalunya,homes,de 0 a 15 anys,població,,773788
S2/1983,Catalunya,homes,de 16 a 64 anys,població,,1880094
S2/1983,Catalunya,homes,65 anys o més,població,,275322
S2/1983,Catalunya,homes,total,població,,2929204
S2/1983,Catalunya,dones,de 0 a 15 anys,població,,729372
S2/1983,Catalunya,dones,de 16 a 64 anys,població,,1904685
S2/1983,Catalunya,dones,65 anys o més,població,,413369
S2/1983,Catalunya,dones,total,població,,3047426
S2/1983,Catalunya,total,de 0 a 15 anys,població,,1503160
S2/1983,Catalunya,total,de 16 a 64 anys,població,,3784779
S2/1983,Catalunya,total,65 anys o més,població,,688691
S2/1983,Catalunya,total,total,població,,5976630
S1/1984,Catalunya,homes,de 0 a 15 anys,població,,763377
S1/1984,Catalunya,homes,de 16 a 64 anys,població,,1888089
S1/1984,Catalunya,homes,65 anys o més,població,,278150
S1/1984,Catalunya,homes,total,població,,2929616
S1/1984,Catalunya,dones,de 0 a 15 anys,població,,720024
S1/1984,Catalunya,dones,de 16 a 64 anys,població,,1910726
S1/1984,Catalunya,dones,65 anys o més,població,,418060
S1/1984,Catalunya,dones,total,població,,3048810
S1/1984,Catalunya,total,de 0 a 15 anys,població,,1483401
S1/1984,Catalunya,total,de 16 a 64 anys,població,,3798815
S1/1984,Catalunya,total,65 anys o més,població,,696210
S1/1984,Catalunya,total,total,població,,5978426
S2/1984,Catalunya,homes,de 0 a 15 anys,població,,753334
S2/1984,Catalunya,homes,de 16 a 64 anys,població,,1895291
S2/1984,Catalunya,homes,65 anys o més,població,,281167
S2/1984,Catalunya,homes,total,població,,2929792
S2/1984,Catalunya,dones,de 0 a 15 anys,població,,710321
S2/1984,Catalunya,dones,de 16 a 64 anys,població,,1916649
S2/1984,Catalunya,dones,65 anys o més,població,,422617
S2/1984,Catalunya,dones,total,població,,3049587
S2/1984,Catalunya,total,de 0 a 15 anys,població,,1463655
S2/1984,Catalunya,total,de 16 a 64 anys,població,,3811940
S2/1984,Catalunya,total,65 anys o més,població,,703784
S2/1984,Catalunya,total,total,població,,5979379
S1/1985,Catalunya,homes,de 0 a 15 anys,població,,743330
S1/1985,Catalunya,homes,de 16 a 64 anys,població,,1902475
S1/1985,Catalunya,homes,65 anys o més,població,,284136
S1/1985,Catalunya,homes,total,població,,2929941
S1/1985,Catalunya,dones,de 0 a 15 anys,població,,700628
S1/1985,Catalunya,dones,de 16 a 64 anys,població,,1922578
S1/1985,Catalunya,dones,65 anys o més,població,,427175
S1/1985,Catalunya,dones,total,població,,3050381
S1/1985,Catalunya,total,de 0 a 15 anys,població,,1443958
S1/1985,Catalunya,total,de 16 a 64 anys,població,,3825053
S1/1985,Catalunya,total,65 anys o més,població,,711311
S1/1985,Catalunya,total,total,població,,5980322
S2/1985,Catalunya,homes,de 0 a 15 anys,població,,732468
S2/1985,Catalunya,homes,de 16 a 64 anys,població,,1907873
S2/1985,Catalunya,homes,65 anys o més,població,,288337
S2/1985,Catalunya,homes,total,població,,2928678
S2/1985,Catalunya,dones,de 0 a 15 anys,població,,691129
S2/1985,Catalunya,dones,de 16 a 64 anys,població,,1926028
S2/1985,Catalunya,dones,65 anys o més,població,,433308
S2/1985,Catalunya,dones,total,població,,3050465
S2/1985,Catalunya,total,de 0 a 15 anys,població,,1423597
S2/1985,Catalunya,total,de 16 a 64 anys,població,,3833901
S2/1985,Catalunya,total,65 anys o més,població,,721645
S2/1985,Catalunya,total,total,població,,5979143
S1/1986,Catalunya,homes,de 0 a 15 anys,població,,721627
S1/1986,Catalunya,homes,de 16 a 64 anys,població,,1913279
S1/1986,Catalunya,homes,65 anys o més,població,,292548
S1/1986,Catalunya,homes,total,població,,2927454
S1/1986,Catalunya,dones,de 0 a 15 anys,població,,681625
S1/1986,Catalunya,dones,de 16 a 64 anys,població,,1929515
S1/1986,Catalunya,dones,65 anys o més,població,,439438
S1/1986,Catalunya,dones,total,població,,3050578
S1/1986,Catalunya,total,de 0 a 15 anys,població,,1403252
S1/1986,Catalunya,total,de 16 a 64 anys,població,,3842794
S1/1986,Catalunya,total,65 anys o més,població,,731986
S1/1986,Catalunya,total,total,població,,5978032
S2/1986,Catalunya,homes,de 0 a 15 anys,població,,712711
S2/1986,Catalunya,homes,de 16 a 64 anys,població,,1921194
S2/1986,Catalunya,homes,65 anys o més,població,,298435
S2/1986,Catalunya,homes,total,població,,2932340
S2/1986,Catalunya,dones,de 0 a 15 anys,població,,672656
S2/1986,Catalunya,dones,de 16 a 64 anys,població,,1937766
S2/1986,Catalunya,dones,65 anys o més,població,,445979
S2/1986,Catalunya,dones,total,població,,3056401
S2/1986,Catalunya,total,de 0 a 15 anys,població,,1385367
S2/1986,Catalunya,total,de 16 a 64 anys,població,,3858960
S2/1986,Catalunya,total,65 anys o més,població,,744414
S2/1986,Catalunya,total,total,població,,5988741
S1/1987,Catalunya,homes,de 0 a 15 anys,població,,703771
S1/1987,Catalunya,homes,de 16 a 64 anys,població,,1929080
S1/1987,Catalunya,homes,65 anys o més,població,,304344
S1/1987,Catalunya,homes,total,població,,2937195
S1/1987,Catalunya,dones,de 0 a 15 anys,població,,663699
S1/1987,Catalunya,dones,de 16 a 64 anys,població,,1946001
S1/1987,Catalunya,dones,65 anys o més,població,,452425
S1/1987,Catalunya,dones,total,població,,3062125
S1/1987,Catalunya,total,de 0 a 15 anys,població,,1367470
S1/1987,Catalunya,total,de 16 a 64 anys,població,,3875081
S1/1987,Catalunya,total,65 anys o més,població,,756769
S1/1987,Catalunya,total,total,població,,5999320
S2/1987,Catalunya,homes,de 0 a 15 anys,població,,694045
S2/1987,Catalunya,homes,de 16 a 64 anys,població,,1937661
S2/1987,Catalunya,homes,65 anys o més,població,,310523
S2/1987,Catalunya,homes,total,població,,2942229
S2/1987,Catalunya,dones,de 0 a 15 anys,població,,654140
S2/1987,Catalunya,dones,de 16 a 64 anys,població,,1953785
S2/1987,Catalunya,dones,65 anys o més,població,,460153
S2/1987,Catalunya,dones,total,població,,3068078
S2/1987,Catalunya,total,de 0 a 15 anys,població,,1348185
S2/1987,Catalunya,total,de 16 a 64 anys,població,,3891446
S2/1987,Catalunya,total,65 anys o més,població,,770676
S2/1987,Catalunya,total,total,població,,6010307
S1/1988,Catalunya,homes,de 0 a 15 anys,població,,684330
S1/1988,Catalunya,homes,de 16 a 64 anys,població,,1946261
S1/1988,Catalunya,homes,65 anys o més,població,,316692
S1/1988,Catalunya,homes,total,població,,2947283
S1/1988,Catalunya,dones,de 0 a 15 anys,població,,644575
S1/1988,Catalunya,dones,de 16 a 64 anys,població,,1961523
S1/1988,Catalunya,dones,65 anys o més,població,,467844
S1/1988,Catalunya,dones,total,població,,3073942
S1/1988,Catalunya,total,de 0 a 15 anys,població,,1328905
S1/1988,Catalunya,total,de 16 a 64 anys,població,,3907784
S1/1988,Catalunya,total,65 anys o més,població,,784536
S1/1988,Catalunya,total,total,població,,6021225
S2/1988,Catalunya,homes,de 0 a 15 anys,població,,673899
S2/1988,Catalunya,homes,de 16 a 64 anys,població,,1955400
S2/1988,Catalunya,homes,65 anys o més,població,,322612
S2/1988,Catalunya,homes,total,població,,2951911
S2/1988,Catalunya,dones,de 0 a 15 anys,població,,633856
S2/1988,Catalunya,dones,de 16 a 64 anys,població,,1970589
S2/1988,Catalunya,dones,65 anys o més,població,,474946
S2/1988,Catalunya,dones,total,població,,3079391
S2/1988,Catalunya,total,de 0 a 15 anys,població,,1307755
S2/1988,Catalunya,total,de 16 a 64 anys,població,,3925989
S2/1988,Catalunya,total,65 anys o més,població,,797558
S2/1988,Catalunya,total,total,població,,6031302
S1/1989,Catalunya,homes,de 0 a 15 anys,població,,663508
S1/1989,Catalunya,homes,de 16 a 64 anys,població,,1964526
S1/1989,Catalunya,homes,65 anys o més,població,,328589
S1/1989,Catalunya,homes,total,població,,2956623
S1/1989,Catalunya,dones,de 0 a 15 anys,població,,623137
S1/1989,Catalunya,dones,de 16 a 64 anys,població,,1979632
S1/1989,Catalunya,dones,65 anys o més,població,,482077
S1/1989,Catalunya,dones,total,població,,3084846
S1/1989,Catalunya,total,de 0 a 15 anys,població,,1286645
S1/1989,Catalunya,total,de 16 a 64 anys,població,,3944158
S1/1989,Catalunya,total,65 anys o més,població,,810666
S1/1989,Catalunya,total,total,població,,6041469
S2/1989,Catalunya,homes,de 0 a 15 anys,població,,652796
S2/1989,Catalunya,homes,de 16 a 64 anys,població,,1974061
S2/1989,Catalunya,homes,65 anys o més,població,,334550
S2/1989,Catalunya,homes,total,població,,2961407
S2/1989,Catalunya,dones,de 0 a 15 anys,població,,612245
S2/1989,Catalunya,dones,de 16 a 64 anys,població,,1988539
S2/1989,Catalunya,dones,65 anys o més,població,,489631
S2/1989,Catalunya,dones,total,població,,3090415
S2/1989,Catalunya,total,de 0 a 15 anys,població,,1265041
S2/1989,Catalunya,total,de 16 a 64 anys,població,,3962600
S2/1989,Catalunya,total,65 anys o més,població,,824181
S2/1989,Catalunya,total,total,població,,6051822
S1/1990,Catalunya,homes,de 0 a 15 anys,població,,642049
S1/1990,Catalunya,homes,de 16 a 64 anys,població,,1983675
S1/1990,Catalunya,homes,65 anys o més,població,,340542
S1/1990,Catalunya,homes,total,població,,2966266
S1/1990,Catalunya,dones,de 0 a 15 anys,població,,601328
S1/1990,Catalunya,dones,de 16 a 64 anys,població,,1997485
S1/1990,Catalunya,dones,65 anys o més,població,,497194
S1/1990,Catalunya,dones,total,població,,3096007
S1/1990,Catalunya,total,de 0 a 15 anys,població,,1243377
S1/1990,Catalunya,total,de 16 a 64 anys,població,,3981160
S1/1990,Catalunya,total,65 anys o més,població,,837736
S1/1990,Catalunya,total,total,població,,6062273
S2/1990,Catalunya,homes,de 0 a 15 anys,població,,630491
S2/1990,Catalunya,homes,de 16 a 64 anys,població,,1993698
S2/1990,Catalunya,homes,65 anys o més,població,,346377
S2/1990,Catalunya,homes,total,població,,2970566
S2/1990,Catalunya,dones,de 0 a 15 anys,població,,589578
S2/1990,Catalunya,dones,de 16 a 64 anys,població,,2006642
S2/1990,Catalunya,dones,65 anys o més,població,,504743
S2/1990,Catalunya,dones,total,població,,3100963
S2/1990,Catalunya,total,de 0 a 15 anys,població,,1220069
S2/1990,Catalunya,total,de 16 a 64 anys,població,,4000340
S2/1990,Catalunya,total,65 anys o més,població,,851120
S2/1990,Catalunya,total,total,població,,6071529
S1/1991,Catalunya,homes,de 0 a 15 anys,població,,618945
S1/1991,Catalunya,homes,de 16 a 64 anys,població,,2003715
S1/1991,Catalunya,homes,65 anys o més,població,,352173
S1/1991,Catalunya,homes,total,població,,2974833
S1/1991,Catalunya,dones,de 0 a 15 anys,població,,577828
S1/1991,Catalunya,dones,de 16 a 64 anys,població,,2015764
S1/1991,Catalunya,dones,65 anys o més,població,,512326
S1/1991,Catalunya,dones,total,població,,3105918
S1/1991,Catalunya,total,de 0 a 15 anys,població,,1196773
S1/1991,Catalunya,total,de 16 a 64 anys,població,,4019479
S1/1991,Catalunya,total,65 anys o més,població,,864499
S1/1991,Catalunya,total,total,població,,6080751
S2/1991,Catalunya,homes,de 0 a 15 anys,població,,605850
S2/1991,Catalunya,homes,de 16 a 64 anys,població,,2012564
S2/1991,Catalunya,homes,65 anys o més,població,,357940
S2/1991,Catalunya,homes,total,població,,2976354
S2/1991,Catalunya,dones,de 0 a 15 anys,població,,566729
S2/1991,Catalunya,dones,de 16 a 64 anys,població,,2022284
S2/1991,Catalunya,dones,65 anys o més,població,,518710
S2/1991,Catalunya,dones,total,població,,3107723
S2/1991,Catalunya,total,de 0 a 15 anys,població,,1172579
S2/1991,Catalunya,total,de 16 a 64 anys,població,,4034848
S2/1991,Catalunya,total,65 anys o més,població,,876650
S2/1991,Catalunya,total,total,població,,6084077
S1/1992,Catalunya,homes,de 0 a 15 anys,població,,592758
S1/1992,Catalunya,homes,de 16 a 64 anys,població,,2021447
S1/1992,Catalunya,homes,65 anys o més,població,,363681
S1/1992,Catalunya,homes,total,població,,2977886
S1/1992,Catalunya,dones,de 0 a 15 anys,població,,555620
S1/1992,Catalunya,dones,de 16 a 64 anys,població,,2028768
S1/1992,Catalunya,dones,65 anys o més,població,,525065
S1/1992,Catalunya,dones,total,població,,3109453
S1/1992,Catalunya,total,de 0 a 15 anys,població,,1148378
S1/1992,Catalunya,total,de 16 a 64 anys,població,,4050215
S1/1992,Catalunya,total,65 anys o més,població,,888746
S1/1992,Catalunya,total,total,població,,6087339
S2/1992,Catalunya,homes,de 0 a 15 anys,població,,580998
S2/1992,Catalunya,homes,de 16 a 64 anys,població,,2030129
S2/1992,Catalunya,homes,65 anys o més,població,,369031
S2/1992,Catalunya,homes,total,població,,2980158
S2/1992,Catalunya,dones,de 0 a 15 anys,població,,545868
S2/1992,Catalunya,dones,de 16 a 64 anys,població,,2035072
S2/1992,Catalunya,dones,65 anys o més,població,,530949
S2/1992,Catalunya,dones,total,població,,3111889
S2/1992,Catalunya,total,de 0 a 15 anys,població,,1126866
S2/1992,Catalunya,total,de 16 a 64 anys,població,,4065201
S2/1992,Catalunya,total,65 anys o més,població,,899980
S2/1992,Catalunya,total,total,població,,6092047
S1/1993,Catalunya,homes,de 0 a 15 anys,població,,569282
S1/1993,Catalunya,homes,de 16 a 64 anys,població,,2038866
S1/1993,Catalunya,homes,65 anys o més,població,,374383
S1/1993,Catalunya,homes,total,població,,2982531
S1/1993,Catalunya,dones,de 0 a 15 anys,població,,536149
S1/1993,Catalunya,dones,de 16 a 64 anys,població,,2041381
S1/1993,Catalunya,dones,65 anys o més,població,,536838
S1/1993,Catalunya,dones,total,població,,3114368
S1/1993,Catalunya,total,de 0 a 15 anys,població,,1105431
S1/1993,Catalunya,total,de 16 a 64 anys,població,,4080247
S1/1993,Catalunya,total,65 anys o més,població,,911221
S1/1993,Catalunya,total,total,població,,6096899
S2/1993,Catalunya,homes,de 0 a 15 anys,població,,557966
S2/1993,Catalunya,homes,de 16 a 64 anys,població,,2045027
S2/1993,Catalunya,homes,65 anys o més,població,,379984
S2/1993,Catalunya,homes,total,població,,2982977
S2/1993,Catalunya,dones,de 0 a 15 anys,població,,526290
S2/1993,Catalunya,dones,de 16 a 64 anys,població,,2046369
S2/1993,Catalunya,dones,65 anys o més,població,,543022
S2/1993,Catalunya,dones,total,població,,3115681
S2/1993,Catalunya,total,de 0 a 15 anys,població,,1084256
S2/1993,Catalunya,total,de 16 a 64 anys,població,,4091396
S2/1993,Catalunya,total,65 anys o més,població,,923006
S2/1993,Catalunya,total,total,població,,6098658
S1/1994,Catalunya,homes,de 0 a 15 anys,població,,546674
S1/1994,Catalunya,homes,de 16 a 64 anys,població,,2051175
S1/1994,Catalunya,homes,65 anys o més,població,,385562
S1/1994,Catalunya,homes,total,població,,2983411
S1/1994,Catalunya,dones,de 0 a 15 anys,població,,516430
S1/1994,Catalunya,dones,de 16 a 64 anys,població,,2051382
S1/1994,Catalunya,dones,65 anys o més,població,,549213
S1/1994,Catalunya,dones,total,població,,3117025
S1/1994,Catalunya,total,de 0 a 15 anys,població,,1063104
S1/1994,Catalunya,total,de 16 a 64 anys,població,,4102557
S1/1994,Catalunya,total,65 anys o més,població,,934775
S1/1994,Catalunya,total,total,població,,6100436
S2/1994,Catalunya,homes,de 0 a 15 anys,població,,535360
S2/1994,Catalunya,homes,de 16 a 64 anys,població,,2056321
S2/1994,Catalunya,homes,65 anys o més,població,,391167
S2/1994,Catalunya,homes,total,població,,2982848
S2/1994,Catalunya,dones,de 0 a 15 anys,població,,506935
S2/1994,Catalunya,dones,de 16 a 64 anys,població,,2055639
S2/1994,Catalunya,dones,65 anys o més,població,,555285
S2/1994,Catalunya,dones,total,població,,3117859
S2/1994,Catalunya,total,de 0 a 15 anys,població,,1042295
S2/1994,Catalunya,total,de 16 a 64 anys,població,,4111960
S2/1994,Catalunya,total,65 anys o més,població,,946452
S2/1994,Catalunya,total,total,població,,6100707
S1/1995,Catalunya,homes,de 0 a 15 anys,població,,524049
S1/1995,Catalunya,homes,de 16 a 64 anys,població,,2061477
S1/1995,Catalunya,homes,65 anys o més,població,,396781
S1/1995,Catalunya,homes,total,població,,2982307
S1/1995,Catalunya,dones,de 0 a 15 anys,població,,497456
S1/1995,Catalunya,dones,de 16 a 64 anys,població,,2059885
S1/1995,Catalunya,dones,65 anys o més,població,,561335
S1/1995,Catalunya,dones,total,població,,3118676
S1/1995,Catalunya,total,de 0 a 15 anys,població,,1021505
S1/1995,Catalunya,total,de 16 a 64 anys,població,,4121362
S1/1995,Catalunya,total,65 anys o més,població,,958116
S1/1995,Catalunya,total,total,població,,6100983
S2/1995,Catalunya,homes,de 0 a 15 anys,població,,514539
S2/1995,Catalunya,homes,de 16 a 64 anys,població,,2064953
S2/1995,Catalunya,homes,65 anys o més,població,,402846
S2/1995,Catalunya,homes,total,població,,2982338
S2/1995,Catalunya,dones,de 0 a 15 anys,població,,489797
S2/1995,Catalunya,dones,de 16 a 64 anys,població,,2062614
S2/1995,Catalunya,dones,65 anys o més,població,,568131
S2/1995,Catalunya,dones,total,població,,3120542
S2/1995,Catalunya,total,de 0 a 15 anys,població,,1004336
S2/1995,Catalunya,total,de 16 a 64 anys,població,,4127567
S2/1995,Catalunya,total,65 anys o més,població,,970977
S2/1995,Catalunya,total,total,població,,6102880
S1/1996,Catalunya,homes,de 0 a 15 anys,població,,505030
S1/1996,Catalunya,homes,de 16 a 64 anys,població,,2068408
S1/1996,Catalunya,homes,65 anys o més,població,,408929
S1/1996,Catalunya,homes,total,població,,2982367
S1/1996,Catalunya,dones,de 0 a 15 anys,població,,482115
S1/1996,Catalunya,dones,de 16 a 64 anys,població,,2065309
S1/1996,Catalunya,dones,65 anys o més,població,,574938
S1/1996,Catalunya,dones,total,població,,3122362
S1/1996,Catalunya,total,de 0 a 15 anys,població,,987145
S1/1996,Catalunya,total,de 16 a 64 anys,població,,4133717
S1/1996,Catalunya,total,65 anys o més,població,,983867
S1/1996,Catalunya,total,total,població,,6104729
S2/1996,Catalunya,homes,de 0 a 15 anys,població,,497830
S2/1996,Catalunya,homes,de 16 a 64 anys,població,,2071126
S2/1996,Catalunya,homes,65 anys o més,població,,414179
S2/1996,Catalunya,homes,total,població,,2983135
S2/1996,Catalunya,dones,de 0 a 15 anys,població,,475105
S2/1996,Catalunya,dones,de 16 a 64 anys,població,,2067769
S2/1996,Catalunya,dones,65 anys o més,població,,581354
S2/1996,Catalunya,dones,total,població,,3124228
S2/1996,Catalunya,total,de 0 a 15 anys,població,,972935
S2/1996,Catalunya,total,de 16 a 64 anys,població,,4138895
S2/1996,Catalunya,total,65 anys o més,població,,995533
S2/1996,Catalunya,total,total,població,,6107363
S1/1997,Catalunya,homes,de 0 a 15 anys,població,,490603
S1/1997,Catalunya,homes,de 16 a 64 anys,població,,2073817
S1/1997,Catalunya,homes,65 anys o més,població,,419440
S1/1997,Catalunya,homes,total,població,,2983860
S1/1997,Catalunya,dones,de 0 a 15 anys,població,,468098
S1/1997,Catalunya,dones,de 16 a 64 anys,població,,2070265
S1/1997,Catalunya,dones,65 anys o més,població,,587777
S1/1997,Catalunya,dones,total,població,,3126140
S1/1997,Catalunya,total,de 0 a 15 anys,població,,958701
S1/1997,Catalunya,total,de 16 a 64 anys,població,,4144082
S1/1997,Catalunya,total,65 anys o més,població,,1007217
S1/1997,Catalunya,total,total,població,,6110000
S2/1997,Catalunya,homes,de 0 a 15 anys,població,,485866
S2/1997,Catalunya,homes,de 16 a 64 anys,població,,2076893
S2/1997,Catalunya,homes,65 anys o més,població,,424668
S2/1997,Catalunya,homes,total,població,,2987427
S2/1997,Catalunya,dones,de 0 a 15 anys,població,,463366
S2/1997,Catalunya,dones,de 16 a 64 anys,població,,2072591
S2/1997,Catalunya,dones,65 anys o més,població,,594325
S2/1997,Catalunya,dones,total,població,,3130282
S2/1997,Catalunya,total,de 0 a 15 anys,població,,949232
S2/1997,Catalunya,total,de 16 a 64 anys,població,,4149484
S2/1997,Catalunya,total,65 anys o més,població,,1018993
S2/1997,Catalunya,total,total,població,,6117709
S1/1998,Catalunya,homes,de 0 a 15 anys,població,,481082
S1/1998,Catalunya,homes,de 16 a 64 anys,població,,2079994
S1/1998,Catalunya,homes,65 anys o més,població,,429928
S1/1998,Catalunya,homes,total,població,,2991004
S1/1998,Catalunya,dones,de 0 a 15 anys,població,,458630
S1/1998,Catalunya,dones,de 16 a 64 anys,població,,2074835
S1/1998,Catalunya,dones,65 anys o més,població,,600870
S1/1998,Catalunya,dones,total,població,,3134335
S1/1998,Catalunya,total,de 0 a 15 anys,població,,939712
S1/1998,Catalunya,total,de 16 a 64 anys,població,,4154829
S1/1998,Catalunya,total,65 anys o més,població,,1030798
S1/1998,Catalunya,total,total,població,,6125339
S2/1998,Catalunya,homes,de 0 a 15 anys,població,,478124
S2/1998,Catalunya,homes,de 16 a 64 anys,població,,2083596
S2/1998,Catalunya,homes,65 anys o més,població,,434621
S2/1998,Catalunya,homes,total,població,,2996341
S2/1998,Catalunya,dones,de 0 a 15 anys,població,,455063
S2/1998,Catalunya,dones,de 16 a 64 anys,població,,2078206
S2/1998,Catalunya,dones,65 anys o més,població,,606915
S2/1998,Catalunya,dones,total,població,,3140184
S2/1998,Catalunya,total,de 0 a 15 anys,població,,933187
S2/1998,Catalunya,total,de 16 a 64 anys,població,,4161802
S2/1998,Catalunya,total,65 anys o més,població,,1041536
S2/1998,Catalunya,total,total,població,,6136525
S1/1999,Catalunya,homes,de 0 a 15 anys,població,,475167
S1/1999,Catalunya,homes,de 16 a 64 anys,població,,2087166
S1/1999,Catalunya,homes,65 anys o més,població,,439366
S1/1999,Catalunya,homes,total,població,,3001699
S1/1999,Catalunya,dones,de 0 a 15 anys,població,,451503
S1/1999,Catalunya,dones,de 16 a 64 anys,població,,2081533
S1/1999,Catalunya,dones,65 anys o més,població,,612982
S1/1999,Catalunya,dones,total,població,,3146018
S1/1999,Catalunya,total,de 0 a 15 anys,població,,926670
S1/1999,Catalunya,total,de 16 a 64 anys,població,,4168699
S1/1999,Catalunya,total,65 anys o més,població,,1052348
S1/1999,Catalunya,total,total,població,,6147717
S2/1999,Catalunya,homes,de 0 a 15 anys,població,,474028
S2/1999,Catalunya,homes,de 16 a 64 anys,població,,2091566
S2/1999,Catalunya,homes,65 anys o més,població,,442789
S2/1999,Catalunya,homes,total,població,,3008383
S2/1999,Catalunya,dones,de 0 a 15 anys,població,,449958
S2/1999,Catalunya,dones,de 16 a 64 anys,població,,2085261
S2/1999,Catalunya,dones,65 anys o més,població,,617534
S2/1999,Catalunya,dones,total,població,,3152753
S2/1999,Catalunya,total,de 0 a 15 anys,població,,923986
S2/1999,Catalunya,total,de 16 a 64 anys,població,,4176827
S2/1999,Catalunya,total,65 anys o més,població,,1060323
S2/1999,Catalunya,total,total,població,,6161136
S1/2000,Catalunya,homes,de 0 a 15 anys,població,,472847
S1/2000,Catalunya,homes,de 16 a 64 anys,població,,2095994
S1/2000,Catalunya,homes,65 anys o més,població,,446238
S1/2000,Catalunya,homes,total,població,,3015079
S1/2000,Catalunya,dones,de 0 a 15 anys,població,,448428
S1/2000,Catalunya,dones,de 16 a 64 anys,població,,2088960
S1/2000,Catalunya,dones,65 anys o més,població,,622080
S1/2000,Catalunya,dones,total,població,,3159468
S1/2000,Catalunya,total,de 0 a 15 anys,població,,921275
S1/2000,Catalunya,total,de 16 a 64 anys,població,,4184954
S1/2000,Catalunya,total,65 anys o més,població,,1068318
S1/2000,Catalunya,total,total,població,,6174547
S2/2000,Catalunya,homes,de 0 a 15 anys,població,,474771
S2/2000,Catalunya,homes,de 16 a 64 anys,població,,2112838
S2/2000,Catalunya,homes,65 anys o més,població,,449820
S2/2000,Catalunya,homes,total,població,,3037429
S2/2000,Catalunya,dones,de 0 a 15 anys,població,,449684
S2/2000,Catalunya,dones,de 16 a 64 anys,població,,2099424
S2/2000,Catalunya,dones,65 anys o més,població,,627367
S2/2000,Catalunya,dones,total,població,,3176475
S2/2000,Catalunya,total,de 0 a 15 anys,població,,924455
S2/2000,Catalunya,total,de 16 a 64 anys,població,,4212262
S2/2000,Catalunya,total,65 anys o més,població,,1077187
S2/2000,Catalunya,total,total,població,,6213904
S1/2001,Catalunya,homes,de 0 a 15 anys,població,,476672
S1/2001,Catalunya,homes,de 16 a 64 anys,població,,2129689
S1/2001,Catalunya,homes,65 anys o més,població,,453450
S1/2001,Catalunya,homes,total,població,,3059811
S1/2001,Catalunya,dones,de 0 a 15 anys,població,,450941
S1/2001,Catalunya,dones,de 16 a 64 anys,població,,2109914
S1/2001,Catalunya,dones,65 anys o més,població,,632639
S1/2001,Catalunya,dones,total,població,,3193494
S1/2001,Catalunya,total,de 0 a 15 anys,població,,927613
S1/2001,Catalunya,total,de 16 a 64 anys,població,,4239603
S1/2001,Catalunya,total,65 anys o més,població,,1086089
S1/2001,Catalunya,total,total,població,,6253305
S2/2001,Catalunya,homes,de 0 a 15 anys,població,,481981
S2/2001,Catalunya,homes,de 16 a 64 anys,població,,2155826
S2/2001,Catalunya,homes,65 anys o més,població,,459156
S2/2001,Catalunya,homes,total,població,,3096963
S2/2001,Catalunya,dones,de 0 a 15 anys,població,,456511
S2/2001,Catalunya,dones,de 16 a 64 anys,població,,2132065
S2/2001,Catalunya,dones,65 anys o més,població,,640196
S2/2001,Catalunya,dones,total,població,,3228772
S2/2001,Catalunya,total,de 0 a 15 anys,població,,938492
S2/2001,Catalunya,total,de 16 a 64 anys,població,,4287891
S2/2001,Catalunya,total,65 anys o més,població,,1099352
S2/2001,Catalunya,total,total,població,,6325735
S1/2002,Catalunya,homes,de 0 a 15 anys,població,,487281
S1/2002,Catalunya,homes,de 16 a 64 anys,població,,2181955
S1/2002,Catalunya,homes,65 anys o més,població,,464904
S1/2002,Catalunya,homes,total,població,,3134140
S1/2002,Catalunya,dones,de 0 a 15 anys,població,,462050
S1/2002,Catalunya,dones,de 16 a 64 anys,població,,2154266
S1/2002,Catalunya,dones,65 anys o més,població,,647710
S1/2002,Catalunya,dones,total,població,,3264026
S1/2002,Catalunya,total,de 0 a 15 anys,població,,949331
S1/2002,Catalunya,total,de 16 a 64 anys,població,,4336221
S1/2002,Catalunya,total,65 anys o més,població,,1112614
S1/2002,Catalunya,total,total,població,,6398166
S2/2002,Catalunya,homes,de 0 a 15 anys,població,,494468
S2/2002,Catalunya,homes,de 16 a 64 anys,població,,2214452
S2/2002,Catalunya,homes,65 anys o més,població,,469467
S2/2002,Catalunya,homes,total,població,,3178387
S2/2002,Catalunya,dones,de 0 a 15 anys,població,,468449
S2/2002,Catalunya,dones,de 16 a 64 anys,població,,2178721
S2/2002,Catalunya,dones,65 anys o més,població,,652932
S2/2002,Catalunya,dones,total,població,,3300102
S2/2002,Catalunya,total,de 0 a 15 anys,població,,962917
S2/2002,Catalunya,total,de 16 a 64 anys,població,,4393173
S2/2002,Catalunya,total,65 anys o més,població,,1122399
S2/2002,Catalunya,total,total,població,,6478489
S1/2003,Catalunya,homes,de 0 a 15 anys,població,,501678
S1/2003,Catalunya,homes,de 16 a 64 anys,població,,2246918
S1/2003,Catalunya,homes,65 anys o més,població,,473959
S1/2003,Catalunya,homes,total,població,,3222555
S1/2003,Catalunya,dones,de 0 a 15 anys,població,,474844
S1/2003,Catalunya,dones,de 16 a 64 anys,població,,2203201
S1/2003,Catalunya,dones,65 anys o més,població,,658140
S1/2003,Catalunya,dones,total,població,,3336185
S1/2003,Catalunya,total,de 0 a 15 anys,població,,976522
S1/2003,Catalunya,total,de 16 a 64 anys,població,,4450119
S1/2003,Catalunya,total,65 anys o més,població,,1132099
S1/2003,Catalunya,total,total,població,,6558740
S2/2003,Catalunya,homes,de 0 a 15 anys,població,,509547
S2/2003,Catalunya,homes,de 16 a 64 anys,població,,2273290
S2/2003,Catalunya,homes,65 anys o més,població,,475291
S2/2003,Catalunya,homes,total,població,,3258128
S2/2003,Catalunya,dones,de 0 a 15 anys,població,,481924
S2/2003,Catalunya,dones,de 16 a 64 anys,població,,2226113
S2/2003,Catalunya,dones,65 anys o més,població,,659946
S2/2003,Catalunya,dones,total,població,,3367983
S2/2003,Catalunya,total,de 0 a 15 anys,població,,991471
S2/2003,Catalunya,total,de 16 a 64 anys,població,,4499403
S2/2003,Catalunya,total,65 anys o més,població,,1135237
S2/2003,Catalunya,total,total,població,,6626111
S1/2004,Catalunya,homes,de 0 a 15 anys,població,,517409
S1/2004,Catalunya,homes,de 16 a 64 anys,població,,2299655
S1/2004,Catalunya,homes,65 anys o més,població,,476597
S1/2004,Catalunya,homes,total,població,,3293661
S1/2004,Catalunya,dones,de 0 a 15 anys,població,,488987
S1/2004,Catalunya,dones,de 16 a 64 anys,població,,2248981
S1/2004,Catalunya,dones,65 anys o més,població,,661668
S1/2004,Catalunya,dones,total,població,,3399636
S1/2004,Catalunya,total,de 0 a 15 anys,població,,1006396
S1/2004,Catalunya,total,de 16 a 64 anys,població,,4548636
S1/2004,Catalunya,total,65 anys o més,població,,1138265
S1/2004,Catalunya,total,total,població,,6693297
S2/2004,Catalunya,homes,de 0 a 15 anys,població,,525467
S2/2004,Catalunya,homes,de 16 a 64 anys,població,,2335060
S2/2004,Catalunya,homes,65 anys o més,població,,475774
S2/2004,Catalunya,homes,total,població,,3336301
S2/2004,Catalunya,dones,de 0 a 15 anys,població,,496421
S2/2004,Catalunya,dones,de 16 a 64 anys,població,,2275987
S2/2004,Catalunya,dones,65 anys o més,població,,661305
S2/2004,Catalunya,dones,total,població,,3433713
S2/2004,Catalunya,total,de 0 a 15 anys,població,,1021888
S2/2004,Catalunya,total,de 16 a 64 anys,població,,4611047
S2/2004,Catalunya,total,65 anys o més,població,,1137079
S2/2004,Catalunya,total,total,població,,6770014
S1/2005,Catalunya,homes,de 0 a 15 anys,població,,533512
S1/2005,Catalunya,homes,de 16 a 64 anys,població,,2370478
S1/2005,Catalunya,homes,65 anys o més,població,,474921
S1/2005,Catalunya,homes,total,població,,3378911
S1/2005,Catalunya,dones,de 0 a 15 anys,població,,503854
S1/2005,Catalunya,dones,de 16 a 64 anys,població,,2303008
S1/2005,Catalunya,dones,65 anys o més,població,,660919
S1/2005,Catalunya,dones,total,població,,3467781
S1/2005,Catalunya,total,de 0 a 15 anys,població,,1037366
S1/2005,Catalunya,total,de 16 a 64 anys,població,,4673486
S1/2005,Catalunya,total,65 anys o més,població,,1135840
S1/2005,Catalunya,total,total,població,,6846692
S2/2005,Catalunya,homes,de 0 a 15 anys,població,,542828
S2/2005,Catalunya,homes,de 16 a 64 anys,població,,2395493
S2/2005,Catalunya,homes,65 anys o més,població,,480994
S2/2005,Catalunya,homes,total,població,,3419315
S2/2005,Catalunya,dones,de 0 a 15 anys,població,,512279
S2/2005,Catalunya,dones,de 16 a 64 anys,població,,2321809
S2/2005,Catalunya,dones,65 anys o més,població,,667408
S2/2005,Catalunya,dones,total,població,,3501496
S2/2005,Catalunya,total,de 0 a 15 anys,població,,1055107
S2/2005,Catalunya,total,de 16 a 64 anys,població,,4717302
S2/2005,Catalunya,total,65 anys o més,població,,1148402
S2/2005,Catalunya,total,total,població,,6920811
S1/2006,Catalunya,homes,de 0 a 15 anys,població,,552148
S1/2006,Catalunya,homes,de 16 a 64 anys,població,,2420467
S1/2006,Catalunya,homes,65 anys o més,població,,487073
S1/2006,Catalunya,homes,total,població,,3459688
S1/2006,Catalunya,dones,de 0 a 15 anys,població,,520714
S1/2006,Catalunya,dones,de 16 a 64 anys,població,,2340612
S1/2006,Catalunya,dones,65 anys o més,població,,673923
S1/2006,Catalunya,dones,total,població,,3535249
S1/2006,Catalunya,total,de 0 a 15 anys,població,,1072862
S1/2006,Catalunya,total,de 16 a 64 anys,població,,4761079
S1/2006,Catalunya,total,65 anys o més,població,,1160996
S1/2006,Catalunya,total,total,població,,6994937
S2/2006,Catalunya,homes,de 0 a 15 anys,població,,561677
S2/2006,Catalunya,homes,de 16 a 64 anys,població,,2447473
S2/2006,Catalunya,homes,65 anys o més,població,,489913
S2/2006,Catalunya,homes,total,població,,3499063
S2/2006,Catalunya,dones,de 0 a 15 anys,població,,529784
S2/2006,Catalunya,dones,de 16 a 64 anys,població,,2364711
S2/2006,Catalunya,dones,65 anys o més,població,,677252
S2/2006,Catalunya,dones,total,població,,3571747
S2/2006,Catalunya,total,de 0 a 15 anys,població,,1091461
S2/2006,Catalunya,total,de 16 a 64 anys,població,,4812184
S2/2006,Catalunya,total,65 anys o més,població,,1167165
S2/2006,Catalunya,total,total,població,,7070810
S1/2007,Catalunya,homes,de 0 a 15 anys,població,,571197
S1/2007,Catalunya,homes,de 16 a 64 anys,població,,2474502
S1/2007,Catalunya,homes,65 anys o més,població,,492768
S1/2007,Catalunya,homes,total,població,,3538467
S1/2007,Catalunya,dones,de 0 a 15 anys,població,,538869
S1/2007,Catalunya,dones,de 16 a 64 anys,població,,2388803
S1/2007,Catalunya,dones,65 anys o més,població,,680595
S1/2007,Catalunya,dones,total,població,,3608267
S1/2007,Catalunya,total,de 0 a 15 anys,població,,1110066
S1/2007,Catalunya,total,de 16 a 64 anys,població,,4863305
S1/2007,Catalunya,total,65 anys o més,població,,1173363
S1/2007,Catalunya,total,total,població,,7146734
S2/2007,Catalunya,homes,de 0 a 15 anys,població,,581245
S2/2007,Catalunya,homes,de 16 a 64 anys,població,,2502449
S2/2007,Catalunya,homes,65 anys o més,població,,495707
S2/2007,Catalunya,homes,total,població,,3579401
S2/2007,Catalunya,dones,de 0 a 15 anys,població,,548146
S2/2007,Catalunya,dones,de 16 a 64 anys,població,,2410981
S2/2007,Catalunya,dones,65 anys o més,població,,683967
S2/2007,Catalunya,dones,total,població,,3643094
S2/2007,Catalunya,total,de 0 a 15 anys,població,,1129391
S2/2007,Catalunya,total,de 16 a 64 anys,població,,4913430
S2/2007,Catalunya,total,65 anys o més,població,,1179674
S2/2007,Catalunya,total,total,població,,7222495
S1/2008,Catalunya,homes,de 0 a 15 anys,població,,591288
S1/2008,Catalunya,homes,de 16 a 64 anys,població,,2530385
S1/2008,Catalunya,homes,65 anys o més,població,,498692
S1/2008,Catalunya,homes,total,població,,3620365
S1/2008,Catalunya,dones,de 0 a 15 anys,població,,557426
S1/2008,Catalunya,dones,de 16 a 64 anys,població,,2433156
S1/2008,Catalunya,dones,65 anys o més,població,,687366
S1/2008,Catalunya,dones,total,població,,3677948
S1/2008,Catalunya,total,de 0 a 15 anys,població,,1148714
S1/2008,Catalunya,total,de 16 a 64 anys,població,,4963541
S1/2008,Catalunya,total,65 anys o més,població,,1186058
S1/2008,Catalunya,total,total,població,,7298313
S2/2008,Catalunya,homes,de 0 a 15 anys,població,,601267
S2/2008,Catalunya,homes,de 16 a 64 anys,població,,2545558
S2/2008,Catalunya,homes,65 anys o més,població,,504189
S2/2008,Catalunya,homes,total,població,,3651014
S2/2008,Catalunya,dones,de 0 a 15 anys,població,,566230
S2/2008,Catalunya,dones,de 16 a 64 anys,població,,2447068
S2/2008,Catalunya,dones,65 anys o més,població,,693194
S2/2008,Catalunya,dones,total,població,,3706492
S2/2008,Catalunya,total,de 0 a 15 anys,població,,1167497
S2/2008,Catalunya,total,de 16 a 64 anys,població,,4992626
S2/2008,Catalunya,total,65 anys o més,població,,1197383
S2/2008,Catalunya,total,total,població,,7357506
S1/2009,Catalunya,homes,de 0 a 15 anys,població,,611220
S1/2009,Catalunya,homes,de 16 a 64 anys,població,,2560713
S1/2009,Catalunya,homes,65 anys o més,població,,509678
S1/2009,Catalunya,homes,total,població,,3681611
S1/2009,Catalunya,dones,de 0 a 15 anys,població,,575051
S1/2009,Catalunya,dones,de 16 a 64 anys,població,,2460978
S1/2009,Catalunya,dones,65 anys o més,població,,698965
S1/2009,Catalunya,dones,total,població,,3734994
S1/2009,Catalunya,total,de 0 a 15 anys,població,,1186271
S1/2009,Catalunya,total,de 16 a 64 anys,població,,5021691
S1/2009,Catalunya,total,65 anys o més,població,,1208643
S1/2009,Catalunya,total,total,població,,7416605
S2/2009,Catalunya,homes,de 0 a 15 anys,població,,618327
S2/2009,Catalunya,homes,de 16 a 64 anys,població,,2557234
S2/2009,Catalunya,homes,65 anys o més,població,,514990
S2/2009,Catalunya,homes,total,població,,3690551
S2/2009,Catalunya,dones,de 0 a 15 anys,població,,580917
S2/2009,Catalunya,dones,de 16 a 64 anys,població,,2462840
S2/2009,Catalunya,dones,65 anys o més,població,,705003
S2/2009,Catalunya,dones,total,població,,3748760
S2/2009,Catalunya,total,de 0 a 15 anys,població,,1199244
S2/2009,Catalunya,total,de 16 a 64 anys,població,,5020074
S2/2009,Catalunya,total,65 anys o més,població,,1219993
S2/2009,Catalunya,total,total,població,,7439311
S1/2010,Catalunya,homes,de 0 a 15 anys,població,,625462
S1/2010,Catalunya,homes,de 16 a 64 anys,població,,2553804
S1/2010,Catalunya,homes,65 anys o més,població,,520343
S1/2010,Catalunya,homes,total,població,,3699609
S1/2010,Catalunya,dones,de 0 a 15 anys,població,,586773
S1/2010,Catalunya,dones,de 16 a 64 anys,població,,2464736
S1/2010,Catalunya,dones,65 anys o més,població,,710926
S1/2010,Catalunya,dones,total,població,,3762435
S1/2010,Catalunya,total,de 0 a 15 anys,població,,1212235
S1/2010,Catalunya,total,de 16 a 64 anys,població,,5018540
S1/2010,Catalunya,total,65 anys o més,població,,1231269
S1/2010,Catalunya,total,total,població,,7462044
S2/2010,Catalunya,homes,de 0 a 15 anys,població,,631692
S2/2010,Catalunya,homes,de 16 a 64 anys,població,,2549060
S2/2010,Catalunya,homes,65 anys o més,població,,526867
S2/2010,Catalunya,homes,total,població,,3707619
S2/2010,Catalunya,dones,de 0 a 15 anys,població,,592098
S2/2010,Catalunya,dones,de 16 a 64 anys,població,,2463892
S2/2010,Catalunya,dones,65 anys o més,població,,718326
S2/2010,Catalunya,dones,total,població,,3774316
S2/2010,Catalunya,total,de 0 a 15 anys,població,,1223790
S2/2010,Catalunya,total,de 16 a 64 anys,població,,5012952
S2/2010,Catalunya,total,65 anys o més,població,,1245193
S2/2010,Catalunya,total,total,població,,7481935
S1/2011,Catalunya,homes,de 0 a 15 anys,població,,637957
S1/2011,Catalunya,homes,de 16 a 64 anys,població,,2544259
S1/2011,Catalunya,homes,65 anys o més,població,,533376
S1/2011,Catalunya,homes,total,població,,3715592
S1/2011,Catalunya,dones,de 0 a 15 anys,població,,597425
S1/2011,Catalunya,dones,de 16 a 64 anys,població,,2463134
S1/2011,Catalunya,dones,65 anys o més,població,,725702
S1/2011,Catalunya,dones,total,població,,3786261
S1/2011,Catalunya,total,de 0 a 15 anys,població,,1235382
S1/2011,Catalunya,total,de 16 a 64 anys,població,,5007393
S1/2011,Catalunya,total,65 anys o més,població,,1259078
S1/2011,Catalunya,total,total,població,,7501853
S2/2011,Catalunya,homes,de 0 a 15 anys,població,,642756
S2/2011,Catalunya,homes,de 16 a 64 anys,població,,2534748
S2/2011,Catalunya,homes,65 anys o més,població,,539344
S2/2011,Catalunya,homes,total,població,,3716848
S2/2011,Catalunya,dones,de 0 a 15 anys,població,,601826
S2/2011,Catalunya,dones,de 16 a 64 anys,població,,2461534
S2/2011,Catalunya,dones,65 anys o més,població,,732685
S2/2011,Catalunya,dones,total,població,,3796045
S2/2011,Catalunya,total,de 0 a 15 anys,població,,1244582
S2/2011,Catalunya,total,de 16 a 64 anys,població,,4996282
S2/2011,Catalunya,total,65 anys o més,població,,1272029
S2/2011,Catalunya,total,total,població,,7512893
S1/2012,Catalunya,homes,de 0 a 15 anys,població,,646554
S1/2012,Catalunya,homes,de 16 a 64 anys,població,,2523022
S1/2012,Catalunya,homes,65 anys o més,població,,543970
S1/2012,Catalunya,homes,total,població,,3713546
S1/2012,Catalunya,dones,de 0 a 15 anys,població,,605531
S1/2012,Catalunya,dones,de 16 a 64 anys,població,,2458117
S1/2012,Catalunya,dones,65 anys o més,població,,738204
S1/2012,Catalunya,dones,total,població,,3801852
S1/2012,Catalunya,total,de 0 a 15 anys,població,,1252085
S1/2012,Catalunya,total,de 16 a 64 anys,població,,4981139
S1/2012,Catalunya,total,65 anys o més,població,,1282174
S1/2012,Catalunya,total,total,població,,7515398
S2/2012,Catalunya,homes,de 0 a 15 anys,població,,647010
S2/2012,Catalunya,homes,de 16 a 64 anys,població,,2503733
S2/2012,Catalunya,homes,65 anys o més,població,,549266
S2/2012,Catalunya,homes,total,població,,3700009
S2/2012,Catalunya,dones,de 0 a 15 anys,població,,606474
S2/2012,Catalunya,dones,de 16 a 64 anys,població,,2447980
S2/2012,Catalunya,dones,65 anys o més,població,,743805
S2/2012,Catalunya,dones,total,població,,3798259
S2/2012,Catalunya,total,de 0 a 15 anys,població,,1253484
S2/2012,Catalunya,total,de 16 a 64 anys,població,,4951713
S2/2012,Catalunya,total,65 anys o més,població,,1293071
S2/2012,Catalunya,total,total,població,,7498268
S1/2013,Catalunya,homes,de 0 a 15 anys,població,,647468
S1/2013,Catalunya,homes,de 16 a 64 anys,població,,2484448
S1/2013,Catalunya,homes,65 anys o més,població,,554570
S1/2013,Catalunya,homes,total,població,,3686486
S1/2013,Catalunya,dones,de 0 a 15 anys,població,,607419
S1/2013,Catalunya,dones,de 16 a 64 anys,població,,2437844
S1/2013,Catalunya,dones,65 anys o més,població,,749409
S1/2013,Catalunya,dones,total,població,,3794672
S1/2013,Catalunya,total,de 0 a 15 anys,població,,1254887
S1/2013,Catalunya,total,de 16 a 64 anys,població,,4922292
S1/2013,Catalunya,total,65 anys o més,població,,1303979
S1/2013,Catalunya,total,total,població,,7481158
S2/2013,Catalunya,homes,de 0 a 15 anys,població,,646168
S2/2013,Catalunya,homes,de 16 a 64 anys,població,,2464417
S2/2013,Catalunya,homes,65 anys o més,població,,561486
S2/2013,Catalunya,homes,total,població,,3672071
S2/2013,Catalunya,dones,de 0 a 15 anys,població,,606381
S2/2013,Catalunya,dones,de 16 a 64 anys,població,,2423805
S2/2013,Catalunya,dones,65 anys o més,població,,757337
S2/2013,Catalunya,dones,total,població,,3787523
S2/2013,Catalunya,total,de 0 a 15 anys,població,,1252549
S2/2013,Catalunya,total,de 16 a 64 anys,població,,4888222
S2/2013,Catalunya,total,65 anys o més,població,,1318823
S2/2013,Catalunya,total,total,població,,7459594
S1/2014,Catalunya,homes,de 0 a 15 anys,població,,644873
S1/2014,Catalunya,homes,de 16 a 64 anys,població,,2444392
S1/2014,Catalunya,homes,65 anys o més,població,,568415
S1/2014,Catalunya,homes,total,població,,3657680
S1/2014,Catalunya,dones,de 0 a 15 anys,població,,605344
S1/2014,Catalunya,dones,de 16 a 64 anys,població,,2409764
S1/2014,Catalunya,dones,65 anys o més,població,,765272
S1/2014,Catalunya,dones,total,població,,3780380
S1/2014,Catalunya,total,de 0 a 15 anys,població,,1250217
S1/2014,Catalunya,total,de 16 a 64 anys,població,,4854156
S1/2014,Catalunya,total,65 anys o més,població,,1333687
S1/2014,Catalunya,total,total,població,,7438060
S2/2014,Catalunya,homes,de 0 a 15 anys,població,,644869
S2/2014,Catalunya,homes,de 16 a 64 anys,població,,2434947
S2/2014,Catalunya,homes,65 anys o més,població,,574073
S2/2014,Catalunya,homes,total,població,,3653889
S2/2014,Catalunya,dones,de 0 a 15 anys,població,,605668
S2/2014,Catalunya,dones,de 16 a 64 anys,població,,2403205
S2/2014,Catalunya,dones,65 anys o més,població,,771572
S2/2014,Catalunya,dones,total,població,,3780445
S2/2014,Catalunya,total,de 0 a 15 anys,població,,1250537
S2/2014,Catalunya,total,de 16 a 64 anys,població,,4838152
S2/2014,Catalunya,total,65 anys o més,població,,1345645
S2/2014,Catalunya,total,total,població,,7434334
S1/2015,Catalunya,homes,de 0 a 15 anys,població,,644868
S1/2015,Catalunya,homes,de 16 a 64 anys,població,,2425508
S1/2015,Catalunya,homes,65 anys o més,població,,579746
S1/2015,Catalunya,homes,total,població,,3650122
S1/2015,Catalunya,dones,de 0 a 15 anys,població,,605990
S1/2015,Catalunya,dones,de 16 a 64 anys,població,,2396654
S1/2015,Catalunya,dones,65 anys o més,població,,777872
S1/2015,Catalunya,dones,total,població,,3780516
S1/2015,Catalunya,total,de 0 a 15 anys,població,,1250858
S1/2015,Catalunya,total,de 16 a 64 anys,població,,4822162
S1/2015,Catalunya,total,65 anys o més,població,,1357618
S1/2015,Catalunya,total,total,població,,7430638
S2/2015,Catalunya,homes,de 0 a 15 anys,població,,645326
S2/2015,Catalunya,homes,de 16 a 64 anys,població,,2426783
S2/2015,Catalunya,homes,65 anys o més,població,,583865
S2/2015,Catalunya,homes,total,població,,3655974
S2/2015,Catalunya,dones,de 0 a 15 anys,població,,606381
S2/2015,Catalunya,dones,de 16 a 64 anys,població,,2398399
S2/2015,Catalunya,dones,65 anys o més,població,,782386
S2/2015,Catalunya,dones,total,població,,3787166
S2/2015,Catalunya,total,de 0 a 15 anys,població,,1251707
S2/2015,Catalunya,total,de 16 a 64 anys,població,,4825182
S2/2015,Catalunya,total,65 anys o més,població,,1366251
S2/2015,Catalunya,total,total,població,,7443140
S1/2016,Catalunya,homes,de 0 a 15 anys,població,,645783
S1/2016,Catalunya,homes,de 16 a 64 anys,població,,2428075
S1/2016,Catalunya,homes,65 anys o més,població,,587988
S1/2016,Catalunya,homes,total,població,,3661846
S1/2016,Catalunya,dones,de 0 a 15 anys,població,,606771
S1/2016,Catalunya,dones,de 16 a 64 anys,població,,2400153
S1/2016,Catalunya,dones,65 anys o més,població,,786901
S1/2016,Catalunya,dones,total,població,,3793825
S1/2016,Catalunya,total,de 0 a 15 anys,població,,1252554
S1/2016,Catalunya,total,de 16 a 64 anys,població,,4828228
S1/2016,Catalunya,total,65 anys o més,població,,1374889
S1/2016,Catalunya,total,total,població,,7455671
S2/2016,Catalunya,homes,de 0 a 15 anys,població,,646032
S2/2016,Catalunya,homes,de 16 a 64 anys,població,,2434481
S2/2016,Catalunya,homes,65 anys o més,població,,592788
S2/2016,Catalunya,homes,total,població,,3673301
S2/2016,Catalunya,dones,de 0 a 15 anys,població,,606981
S2/2016,Catalunya,dones,de 16 a 64 anys,població,,2407351
S2/2016,Catalunya,dones,65 anys o més,població,,792583
S2/2016,Catalunya,dones,total,població,,3806915
S2/2016,Catalunya,total,de 0 a 15 anys,població,,1253013
S2/2016,Catalunya,total,de 16 a 64 anys,població,,4841832
S2/2016,Catalunya,total,65 anys o més,població,,1385371
S2/2016,Catalunya,total,total,població,,7480216
S1/2017,Catalunya,homes,de 0 a 15 anys,població,,646280
S1/2017,Catalunya,homes,de 16 a 64 anys,població,,2440884
S1/2017,Catalunya,homes,65 anys o més,població,,597583
S1/2017,Catalunya,homes,total,població,,3684747
S1/2017,Catalunya,dones,de 0 a 15 anys,població,,607193
S1/2017,Catalunya,dones,de 16 a 64 anys,població,,2414551
S1/2017,Catalunya,dones,65 anys o més,població,,798273
S1/2017,Catalunya,dones,total,població,,3820017
S1/2017,Catalunya,total,de 0 a 15 anys,població,,1253473
S1/2017,Catalunya,total,de 16 a 64 anys,població,,4855435
S1/2017,Catalunya,total,65 anys o més,població,,1395856
S1/2017,Catalunya,total,total,població,,7504764
S2/2017,Catalunya,homes,de 0 a 15 anys,població,,646368
S2/2017,Catalunya,homes,de 16 a 64 anys,població,,2447150
S2/2017,Catalunya,homes,65 anys o més,població,,602688
S2/2017,Catalunya,homes,total,població,,3696206
S2/2017,Catalunya,dones,de 0 a 15 anys,població,,607200
S2/2017,Catalunya,dones,de 16 a 64 anys,població,,2421772
S2/2017,Catalunya,dones,65 anys o més,població,,804041
S2/2017,Catalunya,dones,total,població,,3833013
S2/2017,Catalunya,total,de 0 a 15 anys,població,,1253568
S2/2017,Catalunya,total,de 16 a 64 anys,població,,4868922
S2/2017,Catalunya,total,65 anys o més,població,,1406729
S2/2017,Catalunya,total,total,població,,7529219
S1/2018,Catalunya,homes,de 0 a 15 anys,població,,646454
S1/2018,Catalunya,homes,de 16 a 64 anys,població,,2453420
S1/2018,Catalunya,homes,65 anys o més,població,,607797
S1/2018,Catalunya,homes,total,població,,3707671
S1/2018,Catalunya,dones,de 0 a 15 anys,població,,607203
S1/2018,Catalunya,dones,de 16 a 64 anys,població,,2429002
S1/2018,Catalunya,dones,65 anys o més,població,,809805
S1/2018,Catalunya,dones,total,població,,3846010
S1/2018,Catalunya,total,de 0 a 15 anys,població,,1253657
S1/2018,Catalunya,total,de 16 a 64 anys,població,,4882422
S1/2018,Catalunya,total,65 anys o més,població,,1417602
S1/2018,Catalunya,total,total,població,,7553681
S2/2018,Catalunya,homes,de 0 a 15 anys,població,,645766
S2/2018,Catalunya,homes,de 16 a 64 anys,població,,2469105
S2/2018,Catalunya,homes,65 anys o més,població,,612949
S2/2018,Catalunya,homes,total,població,,3727820
S2/2018,Catalunya,dones,de 0 a 15 anys,població,,606739
S2/2018,Catalunya,dones,de 16 a 64 anys,població,,2441509
S2/2018,Catalunya,dones,65 anys o més,població,,815711
S2/2018,Catalunya,dones,total,població,,3863959
S2/2018,Catalunya,total,de 0 a 15 anys,població,,1252505
S2/2018,Catalunya,total,de 16 a 64 anys,població,,4910614
S2/2018,Catalunya,total,65 anys o més,població,,1428660
S2/2018,Catalunya,total,total,població,,7591779
S1/2019,Catalunya,homes,de 0 a 15 anys,població,,645081
S1/2019,Catalunya,homes,de 16 a 64 anys,població,,2484793
S1/2019,Catalunya,homes,65 anys o més,població,,618104
S1/2019,Catalunya,homes,total,població,,3747978
S1/2019,Catalunya,dones,de 0 a 15 anys,població,,606273
S1/2019,Catalunya,dones,de 16 a 64 anys,població,,2454021
S1/2019,Catalunya,dones,65 anys o més,població,,821617
S1/2019,Catalunya,dones,total,població,,3881911
S1/2019,Catalunya,total,de 0 a 15 anys,població,,1251354
S1/2019,Catalunya,total,de 16 a 64 anys,població,,4938814
S1/2019,Catalunya,total,65 anys o més,població,,1439721
S1/2019,Catalunya,total,total,població,,7629889
S2/2019,Catalunya,homes,de 0 a 15 anys,població,,644205
S2/2019,Catalunya,homes,de 16 a 64 anys,població,,2508051
S2/2019,Catalunya,homes,65 anys o més,població,,623915
S2/2019,Catalunya,homes,total,població,,3776171
S2/2019,Catalunya,dones,de 0 a 15 anys,població,,605591
S2/2019,Catalunya,dones,de 16 a 64 anys,població,,2470973
S2/2019,Catalunya,dones,65 anys o més,població,,828592
S2/2019,Catalunya,dones,total,població,,3905156
S2/2019,Catalunya,total,de 0 a 15 anys,població,,1249796
S2/2019,Catalunya,total,de 16 a 64 anys,població,,4979024
S2/2019,Catalunya,total,65 anys o més,població,,1452507
S2/2019,Catalunya,total,total,població,,7681327
S1/2020,Catalunya,homes,de 0 a 15 anys,població,,643333
S1/2020,Catalunya,homes,de 16 a 64 anys,població,,2531299
S1/2020,Catalunya,homes,65 anys o més,població,,629725
S1/2020,Catalunya,homes,total,població,,3804357
S1/2020,Catalunya,dones,de 0 a 15 anys,població,,604909
S1/2020,Catalunya,dones,de 16 a 64 anys,població,,2487926
S1/2020,Catalunya,dones,65 anys o més,població,,835564
S1/2020,Catalunya,dones,total,població,,3928399
S1/2020,Catalunya,total,de 0 a 15 anys,població,,1248242
S1/2020,Catalunya,total,de 16 a 64 anys,població,,5019225
S1/2020,Catalunya,total,65 anys o més,població,,1465289
S1/2020,Catalunya,total,total,població,,7732756
S2/2020,Catalunya,homes,de 0 a 15 anys,població,,637664
S2/2020,Catalunya,homes,de 16 a 64 anys,població,,2539934
S2/2020,Catalunya,homes,65 anys o més,població,,631989
S2/2020,Catalunya,homes,total,població,,3809587
S2/2020,Catalunya,dones,de 0 a 15 anys,població,,599954
S2/2020,Catalunya,dones,de 16 a 64 anys,població,,2493335
S2/2020,Catalunya,dones,65 anys o més,població,,838447
S2/2020,Catalunya,dones,total,població,,3931736
S2/2020,Catalunya,total,de 0 a 15 anys,població,,1237618
S2/2020,Catalunya,total,de 16 a 64 anys,població,,5033269
S2/2020,Catalunya,total,65 anys o més,població,,1470436
S2/2020,Catalunya,total,total,població,,7741323
S1/2021,Catalunya,homes,de 0 a 15 anys,població,,631993
S1/2021,Catalunya,homes,de 16 a 64 anys,població,,2548570
S1/2021,Catalunya,homes,65 anys o més,població,,634260
S1/2021,Catalunya,homes,total,població,,3814823
S1/2021,Catalunya,dones,de 0 a 15 anys,població,,594996
S1/2021,Catalunya,dones,de 16 a 64 anys,població,,2498746
S1/2021,Catalunya,dones,65 anys o més,població,,841331
S1/2021,Catalunya,dones,total,població,,3935073
S1/2021,Catalunya,total,de 0 a 15 anys,població,,1226989
S1/2021,Catalunya,total,de 16 a 64 anys,població,,5047316
S1/2021,Catalunya,total,65 anys o més,població,,1475591
S1/2021,Catalunya,total,total,població,,7749896
S2/2021,Catalunya,homes,de 0 a 15 anys,població,,627023
S2/2021,Catalunya,homes,de 16 a 64 anys,població,,2551125
S2/2021,Catalunya,homes,65 anys o més,població,,639350
S2/2021,Catalunya,homes,total,població,,3817498
S2/2021,Catalunya,dones,de 0 a 15 anys,població,,590415
S2/2021,Catalunya,dones,de 16 a 64 anys,població,,2500361
S2/2021,Catalunya,dones,65 anys o més,població,,847604
S2/2021,Catalunya,dones,total,població,,3938380
S2/2021,Catalunya,total,de 0 a 15 anys,població,,1217438
S2/2021,Catalunya,total,de 16 a 64 anys,població,,5051486
S2/2021,Catalunya,total,65 anys o més,població,,1486954
S2/2021,Catalunya,total,total,població,,7755878
S1/2022,Catalunya,homes,de 0 a 15 anys,població,,622058
S1/2022,Catalunya,homes,de 16 a 64 anys,població,,2553754
S1/2022,Catalunya,homes,65 anys o més,població,,644361
S1/2022,Catalunya,homes,total,població,,3820173
S1/2022,Catalunya,dones,de 0 a 15 anys,població,,585841
S1/2022,Catalunya,dones,de 16 a 64 anys,població,,2502002
S1/2022,Catalunya,dones,65 anys o més,població,,853807
S1/2022,Catalunya,dones,total,població,,3941650
S1/2022,Catalunya,total,de 0 a 15 anys,població,,1207899
S1/2022,Catalunya,total,de 16 a 64 anys,població,,5055756
S1/2022,Catalunya,total,65 anys o més,població,,1498168
S1/2022,Catalunya,total,total,població,,7761823
S2/2022,Catalunya,homes,de 0 a 15 anys,població,,621129
S2/2022,Catalunya,homes,de 16 a 64 anys,població,,2581454
S2/2022,Catalunya,homes,65 anys o més,població,,651094
S2/2022,Catalunya,homes,total,població,,3853677
S2/2022,Catalunya,dones,de 0 a 15 anys,població,,584895
S2/2022,Catalunya,dones,de 16 a 64 anys,població,,2530817
S2/2022,Catalunya,dones,65 anys o més,població,,862526
S2/2022,Catalunya,dones,total,població,,3978238
S2/2022,Catalunya,total,de 0 a 15 anys,població,,1206024
S2/2022,Catalunya,total,de 16 a 64 anys,població,,5112271
S2/2022,Catalunya,total,65 anys o més,població,,1513620
S2/2022,Catalunya,total,total,població,,7831915
S1/2023,Catalunya,homes,de 0 a 15 anys,població,,620282
S1/2023,Catalunya,homes,de 16 a 64 anys,població,,2609078
S1/2023,Catalunya,homes,65 anys o més,població,,657863
S1/2023,Catalunya,homes,total,població,,3887223
S1/2023,Catalunya,dones,de 0 a 15 anys,població,,583927
S1/2023,Catalunya,dones,de 16 a 64 anys,població,,2559512
S1/2023,Catalunya,dones,65 anys o més,població,,871301
S1/2023,Catalunya,dones,total,població,,4014740
S1/2023,Catalunya,total,de 0 a 15 anys,població,,1204209
S1/2023,Catalunya,total,de 16 a 64 anys,població,,5168590
S1/2023,Catalunya,total,65 anys o més,població,,1529164
S1/2023,Catalunya,total,total,població,,7901963
S2/2023,Catalunya,homes,de 0 a 15 anys,població,,616651
S2/2023,Catalunya,homes,de 16 a 64 anys,població,,2632871
S2/2023,Catalunya,homes,65 anys o més,població,,666084
S2/2023,Catalunya,homes,total,població,,3915606
S2/2023,Catalunya,dones,de 0 a 15 anys,població,,580432
S2/2023,Catalunya,dones,de 16 a 64 anys,població,,2579703
S2/2023,Catalunya,dones,65 anys o més,població,,881379
S2/2023,Catalunya,dones,total,població,,4041514
S2/2023,Catalunya,total,de 0 a 15 anys,població,,1197083
S2/2023,Catalunya,total,de 16 a 64 anys,població,,5212574
S2/2023,Catalunya,total,65 anys o més,població,,1547463
S2/2023,Catalunya,total,total,població,,7957120
S1/2024,Catalunya,homes,de 0 a 15 anys,població,,612890
S1/2024,Catalunya,homes,de 16 a 64 anys,població,,2656627
S1/2024,Catalunya,homes,65 anys o més,població,,674181
S1/2024,Catalunya,homes,total,població,,3943698
S1/2024,Catalunya,dones,de 0 a 15 anys,població,,577109
S1/2024,Catalunya,dones,de 16 a 64 anys,població,,2600107
S1/2024,Catalunya,dones,65 anys o més,població,,891317
S1/2024,Catalunya,dones,total,població,,4068533
S1/2024,Catalunya,total,de 0 a 15 anys,població,,1189999
S1/2024,Catalunya,total,de 16 a 64 anys,població,,5256734
S1/2024,Catalunya,total,65 anys o més,població,,1565498
S1/2024,Catalunya,total,total,població,,8012231
S2/2024,Catalunya,homes,de 0 a 15 anys,població,p,606862
S2/2024,Catalunya,homes,de 16 a 64 anys,població,p,2686708
S2/2024,Catalunya,homes,65 anys o més,població,p,680772
S2/2024,Catalunya,homes,total,població,p,3974342
S2/2024,Catalunya,dones,de 0 a 15 anys,població,p,571265
S2/2024,Catalunya,dones,de 16 a 64 anys,població,p,2620837
S2/2024,Catalunya,dones,65 anys o més,població,p,901010
S2/2024,Catalunya,dones,total,població,p,4093112
S2/2024,Catalunya,total,de 0 a 15 anys,població,p,1178127
S2/2024,Catalunya,total,de 16 a 64 anys,població,p,5307545
S2/2024,Catalunya,total,65 anys o més,població,p,1581782
S2/2024,Catalunya,total,total,població,p,8067454
S1/2025,Catalunya,homes,de 0 a 15 anys,població,p,600934
S1/2025,Catalunya,homes,de 16 a 64 anys,població,p,2709752
S1/2025,Catalunya,homes,65 anys o més,població,p,690673
S1/2025,Catalunya,homes,total,població,p,4001359
S1/2025,Catalunya,dones,de 0 a 15 anys,població,p,565806
S1/2025,Catalunya,dones,de 16 a 64 anys,població,p,2635253
S1/2025,Catalunya,dones,65 anys o més,població,p,911072
S1/2025,Catalunya,dones,total,població,p,4112131
S1/2025,Catalunya,total,de 0 a 15 anys,població,p,1166740
S1/2025,Catalunya,total,de 16 a 64 anys,població,p,5345005
S1/2025,Catalunya,total,65 anys o més,població,p,1601745
S1/2025,Catalunya,total,total,població,p,8113490
S2/2025,Catalunya,homes,de 0 a 15 anys,població,p,595145
S2/2025,Catalunya,homes,de 16 a 64 anys,població,p,2733419
S2/2025,Catalunya,homes,65 anys o més,població,p,698502
S2/2025,Catalunya,homes,total,població,p,4027066
S2/2025,Catalunya,dones,de 0 a 15 anys,població,p,560726
S2/2025,Catalunya,dones,de 16 a 64 anys,població,p,2646961
S2/2025,Catalunya,dones,65 anys o més,població,p,919874
S2/2025,Catalunya,dones,total,població,p,4127561
S2/2025,Catalunya,total,de 0 a 15 anys,població,p,1155871
S2/2025,Catalunya,total,de 16 a 64 anys,població,p,5380380
S2/2025,Catalunya,total,65 anys o més,població,p,1618376
S2/2025,Catalunya,total,total,població,p,8154627
